layout,AgglomerativeClustering,OPTICS,KMeans,GMM,Birch,Genie,Girvan-Newman,Leiden,assortativity,graph_id
kamada_kawai,0.6484165892801351,0.6750814346796237,0.7429386523343047,0.7429386523343047,0.9607711275498767,0.8577490509558097,0.9833087764533112,0.8375582984623289,0.9702542177867052,0
spring,0.7238176905504325,0.6891782130842388,0.7990997819348956,0.8039498973958177,1.0,0.799146148554007,0.9833087764533112,0.8375582984623289,0.9702542177867052,0
davidson_harel,0.567975369304578,0.5182284121169488,0.6408073050830936,0.6701465294787077,0.567975369304578,0.7024803988896376,0.9833087764533112,0.8375582984623289,0.9702542177867052,0
drl,0.7667632741988436,0.4093584254406165,0.8067155559300863,0.8067155559300863,0.7679954214178695,0.7189034656443456,0.9833087764533112,0.8375582984623289,0.9702542177867052,0
fruchterman_reingold,0.6116048853137069,0.5006877595265973,0.6855151108046451,0.6868260170159688,0.6985855229033008,0.6500630144104151,0.9833087764533112,0.8375582984623289,0.9702542177867052,0
graphopt,0.5677981951171216,0.4983309472835892,0.5703444768051036,0.5703444768051036,0.5677981951171216,0.7172127431975415,0.9833087764533112,0.8375582984623289,0.9702542177867052,0
lgl,0.11896312094846281,0.16563307355744192,0.0665168091617502,0.08146124282391912,0.11896312094846281,0.1807954042033409,0.9833087764533112,0.8375582984623289,0.9702542177867052,0
mds,0.6417262519387591,0.2581238949834359,0.6696959901729567,0.6183849979083323,0.7416965620527132,0.6192547785054252,0.9833087764533112,0.8375582984623289,0.9702542177867052,0
kamada_kawai,0.6677354104047016,0.5033956297851658,0.593002267229503,0.670800823164238,0.8873070143450438,0.7634099595452175,0.9797842410240166,0.9156272737394582,0.8739233584163728,1
spring,0.7911351009525099,0.4219421057317989,0.8204033488938436,0.8250050789902819,0.912678565234037,0.7858514324753674,0.9797842410240166,0.9156272737394582,0.8739233584163728,1
davidson_harel,0.4501429130152797,0.2513325675551198,0.420277413783143,0.4032707522918222,0.44834955016372735,0.4765431792515974,0.9797842410240166,0.9156272737394582,0.8739233584163728,1
drl,0.45250841868675973,0.22845033792190086,0.4646350726562295,0.4507287198232849,0.4285784049884378,0.461064540391507,0.9797842410240166,0.9156272737394582,0.8739233584163728,1
fruchterman_reingold,0.4499662371260732,0.22292985111445685,0.45130039007936185,0.4530788773572046,0.5161815824126726,0.5270742072377264,0.9797842410240166,0.9156272737394582,0.8739233584163728,1
graphopt,0.5037886366026612,0.4093922726281084,0.5351301104207875,0.5364942884643303,0.5037886366026612,0.5340729310857428,0.9797842410240166,0.9156272737394582,0.8739233584163728,1
lgl,0.11309355543486892,0.044205698332338575,0.10885991933304004,0.11642713575588307,0.11309355543486892,0.13041950680199313,0.9797842410240166,0.9156272737394582,0.8739233584163728,1
mds,0.4855525715933463,0.1380750774216563,0.4361866849269621,0.4498442703156891,0.5211306072820162,0.4324132447408826,0.9797842410240166,0.9156272737394582,0.8739233584163728,1
kamada_kawai,0.7333719997478925,0.37218801963885584,0.567978845067785,0.6441354760520217,0.9605545028404286,0.7954540089435442,0.9947499249989284,1.0,0.8175582504416754,2
spring,0.7267856903935274,0.35306963072504466,0.6879675852987772,0.7136280269482664,1.0,0.7766349199362084,0.9947499249989284,1.0,0.8175582504416754,2
davidson_harel,0.4197807467422729,0.20973582358488452,0.4385765739732467,0.4024028387058152,0.47383329799901774,0.5696605577683156,0.9947499249989284,1.0,0.8175582504416754,2
drl,0.4958732363570766,0.12208359074347777,0.5397587384305891,0.5282562454132007,0.5005607235972515,0.40019677364711664,0.9947499249989284,1.0,0.8175582504416754,2
fruchterman_reingold,0.5177282713301969,0.23119533211499235,0.5248088018491615,0.5367030220466225,0.5672866820967721,0.6282718485711106,0.9947499249989284,1.0,0.8175582504416754,2
graphopt,0.5599029253160032,0.5061367326618404,0.47901826705768114,0.5237384486819101,0.5599029253160032,0.6117203326703098,0.9947499249989284,1.0,0.8175582504416754,2
lgl,0.08085588149938287,0.07950931604909481,0.030321064625219486,0.028677200387811498,0.08085588149938287,0.07848246121278023,0.9947499249989284,1.0,0.8175582504416754,2
mds,0.6296883169239474,0.22194629212739483,0.503869019993053,0.520799858051422,0.6268252093934793,0.6280242224198963,0.9947499249989284,1.0,0.8175582504416754,2
kamada_kawai,0.5307678821520683,0.16157725010416324,0.6152868683269044,0.5897227305302326,0.6233662937428412,0.6179590897809828,0.9895229746199405,0.8655242890785118,0.6612629110305607,3
spring,0.6205352398995017,0.22427997074125533,0.6715563639845697,0.7233379944478197,0.787040169259227,0.6446115097295515,0.9895229746199405,0.8655242890785118,0.6612629110305607,3
davidson_harel,0.24577876971506524,0.08650823554944483,0.2524536390987765,0.21723935001034128,0.2569081603067505,0.30001186945336566,0.9895229746199405,0.8655242890785118,0.6612629110305607,3
drl,0.15042925503709914,0.04957032993085103,0.16713569142836623,0.1421009822850094,0.15338360778470556,0.12522553480714418,0.9895229746199405,0.8655242890785118,0.6612629110305607,3
fruchterman_reingold,0.31120193198440826,0.14296655619322027,0.25649635965384787,0.2662742901132592,0.28195239850885023,0.25217434353164886,0.9895229746199405,0.8655242890785118,0.6612629110305607,3
graphopt,0.2976020945410025,0.15141814173882515,0.24705257499173922,0.2676128109524646,0.2976020945410025,0.2852239561577137,0.9895229746199405,0.8655242890785118,0.6612629110305607,3
lgl,0.016177219433432,0.036132621168917536,0.016691228160519267,0.003307307633548148,0.016177219433432,-0.00801407285026209,0.9895229746199405,0.8655242890785118,0.6612629110305607,3
mds,0.2885391768164598,0.15282360033864634,0.35465845639354354,0.34719675696276003,0.24695810895732348,0.27268597358561025,0.9895229746199405,0.8655242890785118,0.6612629110305607,3
kamada_kawai,0.6720980632580151,0.2527550718011894,0.5260194761990282,0.5685647494804972,0.5153784620497154,0.5883718410428045,0.6880787516330444,0.7786256539404918,0.5797672583720351,4
spring,0.5706128455996831,0.32730358562167894,0.6369750544476858,0.7117973592629513,0.8346041416439103,0.7170117631680618,0.6880787516330444,0.7786256539404918,0.5797672583720351,4
davidson_harel,0.22172847468263496,0.027529875669215685,0.2086370504562704,0.17361290219432607,0.17838304425670853,0.19393633967338736,0.6880787516330444,0.7786256539404918,0.5797672583720351,4
drl,0.06750277604865074,0.032666473948912145,0.0876171007022421,0.08444109792173031,0.039627522918774,0.1348911804010488,0.6880787516330444,0.7786256539404918,0.5797672583720351,4
fruchterman_reingold,0.35250440116934073,0.11959123378029142,0.31869656625880216,0.32990042685129184,0.33780398969008746,0.2520823585310435,0.6880787516330444,0.7786256539404918,0.5797672583720351,4
graphopt,0.296509029057489,0.026862835057648266,0.2808100098737771,0.2848129094866229,0.296509029057489,0.31018724177456997,0.6880787516330444,0.7786256539404918,0.5797672583720351,4
lgl,-0.01270653361134016,0.04081777059513349,-0.004734449262232378,0.0020957675768692305,-0.01270653361134016,0.007429389213261542,0.6880787516330444,0.7786256539404918,0.5797672583720351,4
mds,0.2725601240930017,0.07445368394796022,0.28730221317023436,0.28014515375625526,0.3081107256991736,0.2821750433434303,0.6880787516330444,0.7786256539404918,0.5797672583720351,4
kamada_kawai,0.6358984153390419,0.31680306254509977,0.562904668673171,0.6157295463232996,0.7642910057577984,0.7573543940755733,1.0,1.0,0.6676289241671685,5
spring,0.7387795958131689,0.649067932247224,0.7410327051713753,0.8027393059973766,0.968655546848763,0.766873923807931,1.0,1.0,0.6676289241671685,5
davidson_harel,0.31784980110791045,0.08180777465914649,0.3045146252873331,0.24867682335356997,0.26833377078442516,0.27232672817214437,1.0,1.0,0.6676289241671685,5
drl,0.19684227754603031,0.027866010523697436,0.16478331295684953,0.14838161062670788,0.22340789954984858,0.10237368790435664,1.0,1.0,0.6676289241671685,5
fruchterman_reingold,0.3358256944928243,0.23220128496086323,0.3439871457877735,0.35996478344426325,0.35598838849872527,0.3628133920160109,1.0,1.0,0.6676289241671685,5
graphopt,0.3058183306129171,0.1364519016779419,0.3370056660078095,0.3212561091530872,0.3058183306129171,0.278756182788229,1.0,1.0,0.6676289241671685,5
lgl,0.07427147408077665,0.0670038141482471,0.11363353728369521,0.153131047006206,0.07427147408077665,0.07191588479315655,1.0,1.0,0.6676289241671685,5
mds,0.3014752898392825,0.18843868472241304,0.3107502801080175,0.3386444296069885,0.3727093424582435,0.3884494926499716,1.0,1.0,0.6676289241671685,5
kamada_kawai,0.58340277375252,0.20016802434048858,0.6587012890862565,0.6622181031028092,0.490504926582673,0.36027770235414014,0.6465360233423043,0.8350922514234561,0.5776856352060966,6
spring,0.5908404761230726,0.16140611262074261,0.6529566778507272,0.6134409663772191,0.5941630412867882,0.5629214451334212,0.6465360233423043,0.8350922514234561,0.5776856352060966,6
davidson_harel,0.12225859694886372,0.07514652997165985,0.10981466636637285,0.11313473311250191,0.12087701917443452,0.03462191495301446,0.6465360233423043,0.8350922514234561,0.5776856352060966,6
drl,0.02352853454418549,0.011699431137021906,0.0159376244133298,0.01967785880437322,0.03403888947556958,0.01972827815498703,0.6465360233423043,0.8350922514234561,0.5776856352060966,6
fruchterman_reingold,0.14939284832522365,0.05150163152596883,0.1768862387476085,0.18445469994536084,0.13112952108212733,0.13341027590859367,0.6465360233423043,0.8350922514234561,0.5776856352060966,6
graphopt,0.1416957818887144,0.05683390656448155,0.1378133839591444,0.15763872977251564,0.1416957818887144,0.15564741967585866,0.6465360233423043,0.8350922514234561,0.5776856352060966,6
lgl,0.04972985566626473,0.06786675193641532,0.04088799898872007,0.04088799898872007,0.04972985566626473,0.04621749588636663,0.6465360233423043,0.8350922514234561,0.5776856352060966,6
mds,0.15303011797221505,0.0842751420313223,0.1686557178550801,0.1680008648802939,0.16985664366361472,0.153457760613442,0.6465360233423043,0.8350922514234561,0.5776856352060966,6
kamada_kawai,0.7319150224071019,0.3711755494798524,0.86739054427529,0.8554238246086445,0.6849571504509406,0.7725731852795833,0.8664801245443956,0.7054383201441163,0.7974562184817839,7
spring,0.7011305990764372,0.5841729677269809,0.8067708915951239,0.8115479851128315,0.5636847640865911,0.8054342661627976,0.8664801245443956,0.7054383201441163,0.7974562184817839,7
davidson_harel,0.24037787737991795,0.1253073477730399,0.2498289508668207,0.24095205536853587,0.24037787737991795,0.1981910787814532,0.8664801245443956,0.7054383201441163,0.7974562184817839,7
drl,0.12071230514550997,0.053458129752609995,0.1200525197024763,0.10079291493517835,0.06982520010308013,0.10128812760578194,0.8664801245443956,0.7054383201441163,0.7974562184817839,7
fruchterman_reingold,0.2615785473318857,0.20647910003513656,0.29043280563064766,0.30939322658577867,0.26072142728955405,0.2416832499717929,0.8664801245443956,0.7054383201441163,0.7974562184817839,7
graphopt,0.2536778701592914,0.17245134603073745,0.2568494864185651,0.2698016190326812,0.2536778701592914,0.2276223454286062,0.8664801245443956,0.7054383201441163,0.7974562184817839,7
lgl,0.09982799437400369,0.10191550858755236,0.09330412082777872,0.09330412082777872,0.09982799437400369,0.11544095821930349,0.8664801245443956,0.7054383201441163,0.7974562184817839,7
mds,0.28956290140218766,0.19867693491936253,0.29174563988308344,0.29222579431185763,0.2866494473360291,0.28324204550655396,0.8664801245443956,0.7054383201441163,0.7974562184817839,7
kamada_kawai,0.8673630420398994,0.3779975243584074,0.9107427565487057,0.9333943498700444,0.8360439623892717,0.6843153592784242,0.9655734175780495,0.857700670536555,0.6921860203128993,8
spring,0.9140885496666156,0.5245506005218332,0.9200966989675962,0.9186373613882644,0.7308303061329715,0.7545188122243758,0.9655734175780495,0.857700670536555,0.6921860203128993,8
davidson_harel,0.14612973375883875,0.08080419575479343,0.21648492873201336,0.19141682787008318,0.15182806718682784,0.12340946523203955,0.9655734175780495,0.857700670536555,0.6921860203128993,8
drl,0.09493137758823475,0.029018845036787144,0.09948027287500325,0.07430460712605166,0.10648144746469461,0.08362531673478568,0.9655734175780495,0.857700670536555,0.6921860203128993,8
fruchterman_reingold,0.2045903558296792,0.1854300140090305,0.2185719114932235,0.22058901941944056,0.21820917370346002,0.2033180851405295,0.9655734175780495,0.857700670536555,0.6921860203128993,8
graphopt,0.2540292785577264,0.16163164196885274,0.25328227729314795,0.2560893773359034,0.2540292785577264,0.2507067153808792,0.9655734175780495,0.857700670536555,0.6921860203128993,8
lgl,0.05585869857948498,0.04582770824237509,0.04881083891451524,0.04881083891451524,0.05585869857948498,0.056729553871443114,0.9655734175780495,0.857700670536555,0.6921860203128993,8
mds,0.23709019495122577,0.19463734506494557,0.2532333749212559,0.25548584087389087,0.2520903593446668,0.19618892703336982,0.9655734175780495,0.857700670536555,0.6921860203128993,8
kamada_kawai,0.8478519176233842,0.3489170455502998,0.7391964465233931,0.7764262475645041,0.8257021623047043,0.8060991333159879,0.890361142116444,0.9253459581067741,0.8189292235759001,9
spring,0.9007090464938343,0.6317706269243176,0.9041891681786629,0.8712655767298048,0.6734057993656484,0.8972901738848533,0.890361142116444,0.9253459581067741,0.8189292235759001,9
davidson_harel,0.28507880979757616,0.19361746382697637,0.3053844672822187,0.3255040811877092,0.28507880979757616,0.2827007932972427,0.890361142116444,0.9253459581067741,0.8189292235759001,9
drl,0.2624117798333486,0.17321076747570677,0.27223078809211404,0.27789198769857154,0.276456116304723,0.24039675595625595,0.890361142116444,0.9253459581067741,0.8189292235759001,9
fruchterman_reingold,0.3098819957420636,0.3178119978176813,0.2865340429833716,0.30150627675590097,0.29777043125023306,0.3176054821114876,0.890361142116444,0.9253459581067741,0.8189292235759001,9
graphopt,0.32821321276991466,0.27502760414260435,0.32215684938409206,0.32686108408364545,0.32821321276991466,0.3460083824845545,0.890361142116444,0.9253459581067741,0.8189292235759001,9
lgl,0.044765638807868186,0.09680666544024018,0.03176843476005518,0.03176843476005518,0.044765638807868186,0.04410786431140691,0.890361142116444,0.9253459581067741,0.8189292235759001,9
mds,0.3353060623185916,0.2695859116165308,0.30768899232537233,0.340319974815006,0.3244198859150675,0.35458739276491025,0.890361142116444,0.9253459581067741,0.8189292235759001,9
kamada_kawai,0.7451960430394639,0.3701107849240262,0.8280623757292135,0.7942147704049712,0.7680778869215301,0.7107065163462274,0.891612263357098,0.9110185794504442,0.69654205710346,10
spring,0.8326871798256228,0.37528164921206103,0.8892680552981039,0.8946679107520857,0.5830228520160258,0.719301464235992,0.891612263357098,0.9110185794504442,0.69654205710346,10
davidson_harel,0.22605258869967276,0.12338032959720122,0.24876079368495607,0.22776140345795418,0.22255749332002855,0.23885864493758807,0.891612263357098,0.9110185794504442,0.69654205710346,10
drl,0.09996153246793235,0.045424464134384376,0.12666560873442917,0.11471629699986911,0.09261966764638666,0.049527343838735416,0.891612263357098,0.9110185794504442,0.69654205710346,10
fruchterman_reingold,0.23573310670037873,0.1353158750321944,0.23655796275589966,0.23690084636356595,0.24354030950474687,0.22786564807464446,0.891612263357098,0.9110185794504442,0.69654205710346,10
graphopt,0.24820953370536455,0.17771317405572573,0.2503995530736239,0.25088356229199577,0.24820953370536455,0.2617997696258318,0.891612263357098,0.9110185794504442,0.69654205710346,10
lgl,0.038774030824804254,0.05393969058807877,0.03948878463117358,0.03560587898962288,0.038774030824804254,0.03766790159154856,0.891612263357098,0.9110185794504442,0.69654205710346,10
mds,0.2564767758512667,0.19098917873276194,0.2607053817926523,0.24511217246575429,0.25002815337987905,0.1870007519470698,0.891612263357098,0.9110185794504442,0.69654205710346,10
kamada_kawai,0.5986861383438586,0.10221504499338947,0.5507939064611005,0.6055612600267966,0.656644803736575,0.5008683759470275,0.5708788884858107,0.9212752628457969,0.5442157679809466,11
spring,0.6906977775261416,0.2618861371490647,0.8714743437872199,0.8604072559286726,0.7239090806147239,0.7120360350266943,0.5708788884858107,0.9212752628457969,0.5442157679809466,11
davidson_harel,0.08730722520428623,0.08161683915800373,0.12782955245735997,0.11349626873157344,0.08675351702942014,0.11815996979058799,0.5708788884858107,0.9212752628457969,0.5442157679809466,11
drl,0.08290213069426852,-0.0006982588117532745,0.06437514772388084,0.0856569024767468,0.05970519680512245,0.06454461765425372,0.5708788884858107,0.9212752628457969,0.5442157679809466,11
fruchterman_reingold,0.1421037300012569,0.06359956126398672,0.16382228802418267,0.16973954679238243,0.16315309251553395,0.08977391947089816,0.5708788884858107,0.9212752628457969,0.5442157679809466,11
graphopt,0.1157155860451627,0.009961464302159034,0.15583930576324825,0.1627541651381464,0.1157155860451627,0.13302156837696272,0.5708788884858107,0.9212752628457969,0.5442157679809466,11
lgl,0.060721874909076844,0.057900287517848224,0.06416526477160187,0.06405068546468906,0.060721874909076844,0.06823741102183413,0.5708788884858107,0.9212752628457969,0.5442157679809466,11
mds,0.17143095837149017,0.0896068198756647,0.15667811928082437,0.1657868408792821,0.15773277810168335,0.1355415025079191,0.5708788884858107,0.9212752628457969,0.5442157679809466,11
kamada_kawai,0.7611365726673126,0.46695416431342585,0.8117787104402435,0.839423960586223,0.5552653947646216,0.8052177891096706,0.941650885033513,0.8520575482414701,0.890056448652321,12
spring,0.8402700596170872,0.886812060691418,0.904620551597362,0.8938795700031665,0.5622060840429802,0.8961742262864071,0.941650885033513,0.8520575482414701,0.890056448652321,12
davidson_harel,0.4099722178225452,0.39408084219469225,0.3891633837002902,0.38881851291354863,0.4099722178225452,0.38545508685633567,0.941650885033513,0.8520575482414701,0.890056448652321,12
drl,0.3931268376231998,0.34432116720985173,0.388455618410158,0.3925612287032732,0.3902293553112358,0.4229206216189974,0.941650885033513,0.8520575482414701,0.890056448652321,12
fruchterman_reingold,0.4283414525144221,0.4254853224444629,0.434578179014873,0.42576383048377997,0.4336749406519463,0.43991166715239716,0.941650885033513,0.8520575482414701,0.890056448652321,12
graphopt,0.43544962951879446,0.43180993155774994,0.40534808168293524,0.40534808168293524,0.43544962951879446,0.4357388509200624,0.941650885033513,0.8520575482414701,0.890056448652321,12
lgl,0.08693205529978529,0.149297200020679,0.08420187089601348,0.0901389837282339,0.08693205529978529,0.12174828198264986,0.941650885033513,0.8520575482414701,0.890056448652321,12
mds,0.3301424158923879,0.26926939567366837,0.33490482981448916,0.3232048959665542,0.3595223085398428,0.2973041364468073,0.941650885033513,0.8520575482414701,0.890056448652321,12
kamada_kawai,0.555404160990447,0.12272325045951141,0.5266074677788867,0.5818544612460331,0.5310327044455914,0.37613196716443026,0.7744874393643061,0.7157934182212902,0.7097843306920406,13
spring,0.49341579107689293,0.23371662570464874,0.4281727222838219,0.4495842079290725,0.2408011434074968,0.4362074299392913,0.7744874393643061,0.7157934182212902,0.7097843306920406,13
davidson_harel,0.1754066832385516,0.08334792081467299,0.17712325637572784,0.178385902543937,0.1754066832385516,0.12321425770844,0.7744874393643061,0.7157934182212902,0.7097843306920406,13
drl,0.10352262769426557,0.04481474319520331,0.08872531730786537,0.08282777810137466,0.08945688218385725,0.07403211743985456,0.7744874393643061,0.7157934182212902,0.7097843306920406,13
fruchterman_reingold,0.16533235176064812,0.13513032741080086,0.20262379976491401,0.1852913793293288,0.16730600655408845,0.20258194652952288,0.7744874393643061,0.7157934182212902,0.7097843306920406,13
graphopt,0.24373193591992,0.11559688958865515,0.22076591056709982,0.19164700114483307,0.24373193591992,0.2173979956054481,0.7744874393643061,0.7157934182212902,0.7097843306920406,13
lgl,0.04801080401736745,0.045223904196532556,0.046828464060998116,0.04942731721932754,0.04801080401736745,0.054066486382484416,0.7744874393643061,0.7157934182212902,0.7097843306920406,13
mds,0.16351835380814128,0.06768631535064062,0.17358643970060608,0.14520023614881147,0.19875990840439553,0.1149970365581002,0.7744874393643061,0.7157934182212902,0.7097843306920406,13
kamada_kawai,0.8035047431939757,0.48080775165283524,0.6528162617289508,0.6360850581787476,0.5503837496119214,0.6605167622742834,1.0,0.764334757678591,0.8854322040895003,14
spring,0.9099226916702179,0.8748456021227128,0.9191747198499401,0.9382162322900711,0.47068996966389615,0.9099226916702179,1.0,0.764334757678591,0.8854322040895003,14
davidson_harel,0.4403316338904988,0.4501025537447777,0.475410792257669,0.47833948450821995,0.4403316338904988,0.4688826666471898,1.0,0.764334757678591,0.8854322040895003,14
drl,0.4290078386230027,0.2794934134812883,0.4201233191266812,0.41831526018665277,0.476165856082718,0.42447830185024643,1.0,0.764334757678591,0.8854322040895003,14
fruchterman_reingold,0.4205436303093332,0.4418843186265173,0.42980682540104975,0.4392422440444608,0.4251967677886094,0.4524393744690478,1.0,0.764334757678591,0.8854322040895003,14
graphopt,0.43527670335882734,0.46430930380092833,0.4337955014302186,0.4259032853703234,0.43527670335882734,0.3728302080479279,1.0,0.764334757678591,0.8854322040895003,14
lgl,0.09356827102083173,0.20229870539998823,0.0901199722053338,0.0901199722053338,0.09356827102083173,0.14295638430654803,1.0,0.764334757678591,0.8854322040895003,14
mds,0.42333709687915455,0.20765255802995614,0.40487547638815924,0.411867653500381,0.3660485660708363,0.34196974903608346,1.0,0.764334757678591,0.8854322040895003,14
kamada_kawai,0.569137342237514,0.16766811077732588,0.5971457943179799,0.569703254221679,0.3923983759635345,0.39293422247128645,0.7515275375831958,0.6399893411614115,0.7423997192805551,15
spring,0.5056704896895361,0.5604404972538628,0.5907865160303015,0.4523369303197544,0.002363781344655918,0.6177321162447242,0.7515275375831958,0.6399893411614115,0.7423997192805551,15
davidson_harel,0.2429094347941798,0.11542332300465333,0.19654769401867456,0.23829811577384166,0.2429094347941798,0.17550751679638682,0.7515275375831958,0.6399893411614115,0.7423997192805551,15
drl,0.12188746368749559,0.1189592925613944,0.14915481128026914,0.16628970604465237,0.08863842170445482,0.12857185264308515,0.7515275375831958,0.6399893411614115,0.7423997192805551,15
fruchterman_reingold,0.2867555750324439,0.1935412229110373,0.24925461832025494,0.21225323220871645,0.22700182567651725,0.25219131561601776,0.7515275375831958,0.6399893411614115,0.7423997192805551,15
graphopt,0.23391596525865904,0.17078277106913542,0.25298443721617414,0.22951516017528487,0.23391596525865904,0.22966671263645036,0.7515275375831958,0.6399893411614115,0.7423997192805551,15
lgl,0.0216250088053537,0.039354706050771994,0.019500037851193617,0.01896596080102462,0.0216250088053537,0.031117439687534342,0.7515275375831958,0.6399893411614115,0.7423997192805551,15
mds,0.24528892000741837,0.16062471085775756,0.2540146268607705,0.22083720824179603,0.1720713411941383,0.213132252096567,0.7515275375831958,0.6399893411614115,0.7423997192805551,15
kamada_kawai,0.5195798015852241,0.2881423656065316,0.6039437649091425,0.608347675298724,0.4279439820158899,0.38339338649268845,0.7433151521261003,0.7692061470719219,0.7873476690714298,16
spring,0.5079976131714895,0.4237688214535765,0.47515419142149007,0.5033376245322956,0.2484275487422413,0.42627376895005337,0.7433151521261003,0.7692061470719219,0.7873476690714298,16
davidson_harel,0.26840984478886526,0.17149432660827107,0.23616401186079172,0.2314654976208849,0.26840984478886526,0.19599404228958806,0.7433151521261003,0.7692061470719219,0.7873476690714298,16
drl,0.21469677143787588,0.1387072945894033,0.19108617561813968,0.20415774224222166,0.17826705463721454,0.19025864840681592,0.7433151521261003,0.7692061470719219,0.7873476690714298,16
fruchterman_reingold,0.3014184796291167,0.23101341376207157,0.35296280802063,0.3369781141764386,0.3144210950107205,0.2405652431867955,0.7433151521261003,0.7692061470719219,0.7873476690714298,16
graphopt,0.25687377629662456,0.17316048989016655,0.2569580528625338,0.2638728762117585,0.25687377629662456,0.2545304096706066,0.7433151521261003,0.7692061470719219,0.7873476690714298,16
lgl,0.09579400623104477,0.0778336755772027,0.09344171701156073,0.09344171701156073,0.09579400623104477,0.09093133128770775,0.7433151521261003,0.7692061470719219,0.7873476690714298,16
mds,0.21866293218251415,0.09439131900723895,0.2537289664670324,0.2482730917998317,0.22751024430356895,0.2656749816586029,0.7433151521261003,0.7692061470719219,0.7873476690714298,16
kamada_kawai,0.5668848626765985,0.4226675360408425,0.5752435456608935,0.6089696148970176,0.46351644566373446,0.5074176753291315,0.8644306985560384,0.7112212029696583,0.8208884998309969,17
spring,0.5850530545311429,0.5638761402470948,0.5080634404639042,0.550908867193523,0.32585325152056466,0.5251079741253791,0.8644306985560384,0.7112212029696583,0.8208884998309969,17
davidson_harel,0.23789626318872834,0.29769196547452015,0.35489052483318917,0.3053522813719248,0.23789626318872834,0.2352816789230356,0.8644306985560384,0.7112212029696583,0.8208884998309969,17
drl,0.1705446994149265,0.21806915708021224,0.16793082797431116,0.1847288661771905,0.14614501368857344,0.21553904868464624,0.8644306985560384,0.7112212029696583,0.8208884998309969,17
fruchterman_reingold,0.28352714337369084,0.2541789517550871,0.2619117115558921,0.2816017759531396,0.23433158372468207,0.2659324627965975,0.8644306985560384,0.7112212029696583,0.8208884998309969,17
graphopt,0.27764390079260126,0.287834300677555,0.23669575401438475,0.25670202226206157,0.27764390079260126,0.1968589887553788,0.8644306985560384,0.7112212029696583,0.8208884998309969,17
lgl,0.06899629551918429,0.08987463082981154,0.05289637538601205,0.0477142968078952,0.06899629551918429,0.14988073201553892,0.8644306985560384,0.7112212029696583,0.8208884998309969,17
mds,0.2159071416742318,0.14897523489224676,0.2783264412953427,0.27039615171131315,0.2422424299992214,0.22017864504089238,0.8644306985560384,0.7112212029696583,0.8208884998309969,17
kamada_kawai,0.45844180269893353,0.17153880371515914,0.4789076155678117,0.49620261348502914,0.4390965230699841,0.38516268610153653,0.5682260625051943,0.8265970611065855,0.5987324453899024,18
spring,0.5129542167983075,0.1562187444618426,0.5171249243416696,0.5242999279621162,0.36865625644324473,0.48888651816160367,0.5682260625051943,0.8265970611065855,0.5987324453899024,18
davidson_harel,0.13202693702232365,0.044936199333476576,0.11223224552370618,0.10126833888716588,0.11740810730538068,0.07267161894307053,0.5682260625051943,0.8265970611065855,0.5987324453899024,18
drl,0.05703723710758022,0.02740948125243394,0.07071785604890934,0.07471177685783452,0.09797019784690379,0.07150069729616268,0.5682260625051943,0.8265970611065855,0.5987324453899024,18
fruchterman_reingold,0.13321729519789222,0.021842781164255615,0.14007784572186316,0.12210858632861957,0.12675776974178316,0.07872552493226007,0.5682260625051943,0.8265970611065855,0.5987324453899024,18
graphopt,0.09702984335742264,0.06872394591943008,0.10505475249455636,0.1257088948804801,0.09702984335742264,0.07617671733281306,0.5682260625051943,0.8265970611065855,0.5987324453899024,18
lgl,0.031208652939848446,0.0617865899181276,0.0326564620591234,0.033832911512523725,0.031208652939848446,0.029555442465893693,0.5682260625051943,0.8265970611065855,0.5987324453899024,18
mds,0.11041715724869439,0.0586821242545865,0.10655292085013897,0.11167162434461202,0.10986826331027619,0.09989751334823647,0.5682260625051943,0.8265970611065855,0.5987324453899024,18
kamada_kawai,0.373075738617836,0.03471416693229725,0.3476030133467927,0.3490211618099527,0.3007846470557004,0.2838053096620111,0.6003536832668571,0.7963444287996916,0.5859888954535523,19
spring,0.4008428637779346,0.08882839825148964,0.3993144659244524,0.4283598422686222,0.34820751664037974,0.32235668244325655,0.6003536832668571,0.7963444287996916,0.5859888954535523,19
davidson_harel,0.0430327963146257,0.0561222748312202,0.09128488997014213,0.08581625451111216,0.048026307442912405,0.05509254084021377,0.6003536832668571,0.7963444287996916,0.5859888954535523,19
drl,0.03652389516312393,0.0035304065275826094,0.04794289557326026,0.055188389409527236,0.052534470096050015,0.03028751083853238,0.6003536832668571,0.7963444287996916,0.5859888954535523,19
fruchterman_reingold,0.0741400148338391,0.06910519491566,0.09048668079478005,0.10679870084331503,0.09316466787447444,0.062310817014377816,0.6003536832668571,0.7963444287996916,0.5859888954535523,19
graphopt,0.10740155230500517,0.08449657400733265,0.11169669514119754,0.11046586933205338,0.10740155230500517,0.06232155884224735,0.6003536832668571,0.7963444287996916,0.5859888954535523,19
lgl,0.022269718560399106,0.03605141041464078,0.01935688038277656,0.021305953917166102,0.022269718560399106,0.018293528281461018,0.6003536832668571,0.7963444287996916,0.5859888954535523,19
mds,0.06406005309017807,0.05351255930336748,0.06635714064230325,0.0791888067607229,0.11388774696088277,0.09471025276734485,0.6003536832668571,0.7963444287996916,0.5859888954535523,19
kamada_kawai,0.6757741504944061,0.5496761198383177,0.6633772395655437,0.6923405547479817,0.3228750252119298,0.6384019515193406,0.942307687549157,0.867893088961017,0.9168347007302572,20
spring,0.6132517444088534,0.8512523520115703,0.6448516009651636,0.6737540112811153,0.23284879254726293,0.6509041656006878,0.942307687549157,0.867893088961017,0.9168347007302572,20
davidson_harel,0.2827827045063353,0.338672323547056,0.29206749282404754,0.2769649675846794,0.2827827045063353,0.33883836905888887,0.942307687549157,0.867893088961017,0.9168347007302572,20
drl,0.35022514187169645,0.44098127686828414,0.3523830850883353,0.3523830850883353,0.35022514187169645,0.3921180511633661,0.942307687549157,0.867893088961017,0.9168347007302572,20
fruchterman_reingold,0.37601787623691185,0.3568316676212197,0.2907884218529653,0.3122052834740589,0.3737509473679624,0.3623631930458358,0.942307687549157,0.867893088961017,0.9168347007302572,20
graphopt,0.3265419937623927,0.4558830570498403,0.33190840937266763,0.3356757951538638,0.3265419937623927,0.3296193295613931,0.942307687549157,0.867893088961017,0.9168347007302572,20
lgl,0.028697924280802884,0.19518270452937667,0.09220635248563505,0.034070550787496656,0.028697924280802884,0.1408053809877261,0.942307687549157,0.867893088961017,0.9168347007302572,20
mds,0.34605902717394044,0.36957067117851794,0.34680757636095694,0.3633906056012717,0.36961868643589396,0.3431692895687307,0.942307687549157,0.867893088961017,0.9168347007302572,20
kamada_kawai,0.37718929835125364,0.1216679726830053,0.4135973782272865,0.4085017486612331,0.3178988547464194,0.27505387681925797,0.5323846752214711,0.5997395450235288,0.6594205584084996,21
spring,0.361621507586379,0.29970605799941147,0.39668637382367183,0.3616641108945737,0.12054740323930542,0.34558036754459176,0.5323846752214711,0.5997395450235288,0.6594205584084996,21
davidson_harel,0.13239837678370453,0.14568058216276467,0.149019370057485,0.1576595403753632,0.13239837678370453,0.14789382167606685,0.5323846752214711,0.5997395450235288,0.6594205584084996,21
drl,0.07776099566849806,0.07246088050214512,0.1494773372109811,0.12815518429281667,0.09188600410936767,0.1103371051153186,0.5323846752214711,0.5997395450235288,0.6594205584084996,21
fruchterman_reingold,0.1463114938299235,0.13028892911898962,0.13974942687608655,0.1151127402456061,0.11700462949363426,0.11451785664277614,0.5323846752214711,0.5997395450235288,0.6594205584084996,21
graphopt,0.18045182259205333,0.09731237792214892,0.14147514349005158,0.1450152781771909,0.18045182259205333,0.12156600163797993,0.5323846752214711,0.5997395450235288,0.6594205584084996,21
lgl,0.08352789432036593,0.09459692912276169,0.08155303935840044,0.08361379522888421,0.08352789432036593,0.08345743624163174,0.5323846752214711,0.5997395450235288,0.6594205584084996,21
mds,0.1517292819134068,0.07831682354726502,0.20100621923407772,0.18331548904518674,0.14289518244377114,0.15168845915707235,0.5323846752214711,0.5997395450235288,0.6594205584084996,21
kamada_kawai,0.47040702283259767,0.29640146235778003,0.46548801629322256,0.49523344734863095,0.25314678917073097,0.4096558432447172,0.48682454012014187,0.575743487218091,0.6800790999578311,22
spring,0.4075320931522741,0.34034558508266033,0.3902195060341877,0.35928713875264584,0.0753087344056241,0.4136533003888956,0.48682454012014187,0.575743487218091,0.6800790999578311,22
davidson_harel,0.1384838723301039,0.0845138730220518,0.16354440857959002,0.1415904541220274,0.1384838723301039,0.13244120540966567,0.48682454012014187,0.575743487218091,0.6800790999578311,22
drl,0.10161950174891894,0.05106061772277619,0.11126300603857679,0.12090238789416503,0.10172373573694378,0.1354802449193137,0.48682454012014187,0.575743487218091,0.6800790999578311,22
fruchterman_reingold,0.1722175387911153,0.10279418855980871,0.15869636616826407,0.16740964339940323,0.19544624327196347,0.1339353827648408,0.48682454012014187,0.575743487218091,0.6800790999578311,22
graphopt,0.14636326111016365,0.1332814928250784,0.10540333440085788,0.1330950150418797,0.14636326111016365,0.14893638347278504,0.48682454012014187,0.575743487218091,0.6800790999578311,22
lgl,0.045139904886839236,0.11340635130693082,0.05556578179231596,0.0581775454796993,0.045139904886839236,0.07974469782263276,0.48682454012014187,0.575743487218091,0.6800790999578311,22
mds,0.1563541154516699,0.12546061995948618,0.16547926206723856,0.15789942992173364,0.1632788746648956,0.15670388939964025,0.48682454012014187,0.575743487218091,0.6800790999578311,22
kamada_kawai,0.3136730139366756,0.12323084330672854,0.3348060941755503,0.3263406145059749,0.3020674139162104,0.23580190646959576,0.4574583055412532,0.7273624075671656,0.5939087088406901,23
spring,0.34454487924097965,0.1533627702826599,0.4023564298872485,0.3725323441343621,0.20923029315901015,0.2496591022560139,0.4574583055412532,0.7273624075671656,0.5939087088406901,23
davidson_harel,0.0929130589873097,0.0269809365633621,0.07092202764057667,0.06197055176648854,0.0929130589873097,0.05314863529569509,0.4574583055412532,0.7273624075671656,0.5939087088406901,23
drl,0.05201644489018307,0.014119157495438212,0.04059900706377056,0.05520355687678322,0.05831199145219719,0.0576004595083008,0.4574583055412532,0.7273624075671656,0.5939087088406901,23
fruchterman_reingold,0.09400182882359458,0.030133019687168472,0.10044625943253774,0.09601039794235292,0.10123365749512384,0.08106627655675254,0.4574583055412532,0.7273624075671656,0.5939087088406901,23
graphopt,0.11212448197549674,0.0704640231228725,0.08447498929645872,0.085223014370112,0.11212448197549674,0.12078265596163999,0.4574583055412532,0.7273624075671656,0.5939087088406901,23
lgl,0.04352593040027926,0.039475207426381956,0.037421805025819446,0.037421805025819446,0.04352593040027926,0.033544926562447286,0.4574583055412532,0.7273624075671656,0.5939087088406901,23
mds,0.10960331010543092,0.03004560177736649,0.09627239692804404,0.09448359097334735,0.07281483094146815,0.07071760504658568,0.4574583055412532,0.7273624075671656,0.5939087088406901,23
kamada_kawai,0.30418753044908753,0.055978215724849935,0.3237707033564069,0.2994101381187167,0.24529362145958417,0.2265966121700535,0.3451539973730427,0.6161239627907192,0.44967463938505847,24
spring,0.33296174286279784,0.10038323593373888,0.3616593704762124,0.3868046686189327,0.20364289262162746,0.26289657399502875,0.3451539973730427,0.6161239627907192,0.44967463938505847,24
davidson_harel,0.06215133092165352,0.013322640107200795,0.053269701375239176,0.04296637792492246,0.06215133092165352,0.04975901298028658,0.3451539973730427,0.6161239627907192,0.44967463938505847,24
drl,0.054764506677822886,0.014565446087439343,0.058173060606632986,0.040976959223315165,0.07353009336127023,0.058048554916670755,0.3451539973730427,0.6161239627907192,0.44967463938505847,24
fruchterman_reingold,0.08547440507696627,0.008288604593315752,0.08583754982072858,0.07950991158144283,0.08421371145754511,0.04689288886181177,0.3451539973730427,0.6161239627907192,0.44967463938505847,24
graphopt,0.06674153236645515,-0.0019351625001986562,0.08036866814676806,0.08513177530308351,0.06674153236645515,0.04441382616951088,0.3451539973730427,0.6161239627907192,0.44967463938505847,24
lgl,0.02541120828703361,0.035047744820592495,0.02541120828703361,0.02541120828703361,0.02541120828703361,0.021347114689448658,0.3451539973730427,0.6161239627907192,0.44967463938505847,24
mds,0.12152769382250979,0.02317662391050198,0.08787216657621445,0.08161932214948668,0.09494032526992532,0.04646835422810258,0.3451539973730427,0.6161239627907192,0.44967463938505847,24
kamada_kawai,0.19035331838929034,0.029214644234175476,0.15065707787297994,0.14456286926131073,0.16919448242445984,0.13330491323179094,0.04036476077648077,0.567883544428126,0.2935999671041879,25
spring,0.13157838269727234,0.026432503886013876,0.16591603619541212,0.17180404712002556,0.12574205762951043,0.11419378079366158,0.04036476077648077,0.567883544428126,0.2935999671041879,25
davidson_harel,0.009862765954118512,0.015344028205524603,0.010120510785464595,0.012492980620965533,0.010875164018252639,0.016017307194013432,0.04036476077648077,0.567883544428126,0.2935999671041879,25
drl,0.01793822543961952,0.0038074488848822254,0.015123531366752041,0.006468066714972037,0.02019981440584211,0.0007924602659068129,0.04036476077648077,0.567883544428126,0.2935999671041879,25
fruchterman_reingold,0.02686018470409441,0.028016816157787294,0.029864198392357745,0.019384050859108572,0.046091177715085016,0.031227119049807052,0.04036476077648077,0.567883544428126,0.2935999671041879,25
graphopt,0.030641212863785693,0.007977728805823684,0.02833380307351411,0.03390425857530039,0.030641212863785693,0.05120145358292364,0.04036476077648077,0.567883544428126,0.2935999671041879,25
lgl,0.0032718918523544317,0.009665638627325479,0.0032718918523544317,0.0032718918523544317,0.0032718918523544317,0.004589311380038425,0.04036476077648077,0.567883544428126,0.2935999671041879,25
mds,0.05419683106113724,0.0326258232134927,0.06057912699350063,0.02248037639974491,0.046266542915595135,0.034758884426121114,0.04036476077648077,0.567883544428126,0.2935999671041879,25
kamada_kawai,0.4912118685594732,0.482098859527344,0.5330336649848939,0.5284602761233874,0.273001726001398,0.43663966305259205,0.685603862633043,0.7121645473681525,0.8699955982259281,26
spring,0.5450347888626613,0.5926194589918212,0.5668569617403166,0.5684907123362668,0.1485356482601907,0.5370260245378397,0.685603862633043,0.7121645473681525,0.8699955982259281,26
davidson_harel,0.17737713035718689,0.2315184901149352,0.19406276119778967,0.2076064173971892,0.17737713035718689,0.21130115449058104,0.685603862633043,0.7121645473681525,0.8699955982259281,26
drl,0.13073520302856734,0.326284209729034,0.13686899709553843,0.1486419879391992,0.16437136953913295,0.18182766480885043,0.685603862633043,0.7121645473681525,0.8699955982259281,26
fruchterman_reingold,0.297651175070263,0.29962255826410533,0.2946353829209676,0.3017477268458836,0.31724789432764217,0.29973675614977063,0.685603862633043,0.7121645473681525,0.8699955982259281,26
graphopt,0.23172196617642876,0.2521366793183285,0.2160274967441529,0.2247281730358856,0.23172196617642876,0.1883704637218885,0.685603862633043,0.7121645473681525,0.8699955982259281,26
lgl,0.11378679879345573,0.23586104322354773,0.11437242068130098,0.11437242068130098,0.11378679879345573,0.2127770636891813,0.685603862633043,0.7121645473681525,0.8699955982259281,26
mds,0.25305631517722393,0.1461430358461039,0.28561364820427776,0.2544247662385082,0.23792389375871204,0.18720653359683795,0.685603862633043,0.7121645473681525,0.8699955982259281,26
kamada_kawai,0.4520432445202521,0.3113696610493031,0.44845249816285176,0.45204706190305827,0.3583445966829114,0.38557208894541584,0.9034809667060774,0.7253422584425596,0.7529624521154772,27
spring,0.6131189430020794,0.5192275559369459,0.6080750940400971,0.5502230125092058,0.3101812614255996,0.550579209482345,0.9034809667060774,0.7253422584425596,0.7529624521154772,27
davidson_harel,0.18748423185632324,0.2281001835586573,0.15405768673843198,0.18547878068723103,0.18748423185632324,0.1804756896095375,0.9034809667060774,0.7253422584425596,0.7529624521154772,27
drl,0.14707911053095898,0.1943278325878441,0.15118240687330836,0.1557382504190556,0.11688796171100076,0.16724586334820643,0.9034809667060774,0.7253422584425596,0.7529624521154772,27
fruchterman_reingold,0.22421898746429036,0.2703629754304459,0.17162600861480987,0.21401601462192205,0.19893995460672742,0.20885774184983275,0.9034809667060774,0.7253422584425596,0.7529624521154772,27
graphopt,0.24271039658096294,0.2546233744744249,0.25121998589590194,0.27191217335718576,0.24271039658096294,0.2311954594167406,0.9034809667060774,0.7253422584425596,0.7529624521154772,27
lgl,0.07290408969772319,0.15346985314948702,0.06978952492697679,0.06978952492697679,0.07290408969772319,0.11986693836976432,0.9034809667060774,0.7253422584425596,0.7529624521154772,27
mds,0.197229413001986,0.16726393049102964,0.20677647474009958,0.20733059448650612,0.20229247491397465,0.19117320152632578,0.9034809667060774,0.7253422584425596,0.7529624521154772,27
kamada_kawai,0.2102976190213063,0.03344248796912137,0.21390181257260074,0.21704655692819355,0.1790122140895784,0.1580262804703841,0.43276542868813006,0.5837007836360117,0.5624643326892361,28
spring,0.3025542817835562,0.061840445065766705,0.30845448241838813,0.3060850716981921,0.1516350282560772,0.2814347065833932,0.43276542868813006,0.5837007836360117,0.5624643326892361,28
davidson_harel,0.07048586918069147,0.021248535407376173,0.06137104107587701,0.06587614138629366,0.07048586918069147,0.043431324021612455,0.43276542868813006,0.5837007836360117,0.5624643326892361,28
drl,0.03846796370569458,0.019710270488178253,0.0470234244507592,0.03692229868406483,0.04807419950535121,0.03569281299825397,0.43276542868813006,0.5837007836360117,0.5624643326892361,28
fruchterman_reingold,0.046999018087613885,0.012078233414097413,0.07773984668750084,0.09031882307144783,0.028250739508447753,0.04527877080104814,0.43276542868813006,0.5837007836360117,0.5624643326892361,28
graphopt,0.073660707382549,-0.00398026281686774,0.057227610542561126,0.03722145694213829,0.073660707382549,0.04559315099780875,0.43276542868813006,0.5837007836360117,0.5624643326892361,28
lgl,0.023035566149667126,0.048891197453267546,0.03145825778687563,0.03145825778687563,0.023035566149667126,0.04743666736471712,0.43276542868813006,0.5837007836360117,0.5624643326892361,28
mds,0.07395766965530245,0.05637148841160454,0.05731205992768471,0.05280327706149083,0.05877352424655198,0.05393432628664496,0.43276542868813006,0.5837007836360117,0.5624643326892361,28
kamada_kawai,0.2994020974174947,0.152893388750737,0.24426131786841934,0.24748878499558935,0.20912691278417989,0.21973659753243693,0.5857742697614021,0.6812116816545971,0.6683921135728171,29
spring,0.3287726096783287,0.2798549416964928,0.3000631860492188,0.2600735820811914,0.10875900767535525,0.30850282217431896,0.5857742697614021,0.6812116816545971,0.6683921135728171,29
davidson_harel,0.13563711654268445,0.07080035678501165,0.14990228027804592,0.16441494523410666,0.13563711654268445,0.11231728177048131,0.5857742697614021,0.6812116816545971,0.6683921135728171,29
drl,0.09085375887211242,0.08587226348450305,0.08945788470644242,0.08945763533349385,0.08661520622475459,0.061590337973374785,0.5857742697614021,0.6812116816545971,0.6683921135728171,29
fruchterman_reingold,0.13317998719135102,0.10062413624330732,0.15313653755217066,0.16062764154834697,0.1351721724867428,0.11985032578871375,0.5857742697614021,0.6812116816545971,0.6683921135728171,29
graphopt,0.10046083455075316,0.06484541255718633,0.15271088111721,0.13687796623440257,0.10046083455075316,0.12078252349395166,0.5857742697614021,0.6812116816545971,0.6683921135728171,29
lgl,0.033616605752953686,0.10134133079202405,0.03590447596406861,0.03993093057482971,0.033616605752953686,0.05557224599863535,0.5857742697614021,0.6812116816545971,0.6683921135728171,29
mds,0.09818930885069806,0.0744455317340193,0.10141157943924495,0.09255790299217634,0.09554159848859667,0.06765869918056758,0.5857742697614021,0.6812116816545971,0.6683921135728171,29
kamada_kawai,0.48988817626832015,0.13426920142444415,0.5199371605108098,0.5088812032744894,0.3092901483717497,0.3273151049301853,0.8873387299686787,0.7518622525754157,0.6384775313857338,30
spring,0.509003827699166,0.44254981053399056,0.5233940801288095,0.5254323184450024,0.40725926715555427,0.4202472403978589,0.8873387299686787,0.7518622525754157,0.6384775313857338,30
davidson_harel,0.09143675800814563,0.056044091159415575,0.14195742838452788,0.11847008453303556,0.09143675800814563,0.08318909383945143,0.8873387299686787,0.7518622525754157,0.6384775313857338,30
drl,0.08605806125559892,0.028094129316318994,0.0705185323180665,0.07028447309553819,0.1070627850063782,0.07721491295173345,0.8873387299686787,0.7518622525754157,0.6384775313857338,30
fruchterman_reingold,0.0927705437468479,0.057063427695411215,0.0907548341145706,0.09628236532382946,0.06773202517481584,0.0751554065240674,0.8873387299686787,0.7518622525754157,0.6384775313857338,30
graphopt,0.12805697675419123,0.058338854616490445,0.11668400228379101,0.12273352633968415,0.12805697675419123,0.12643976336618906,0.8873387299686787,0.7518622525754157,0.6384775313857338,30
lgl,0.04039726003085562,0.050224654493979747,0.03953016571600137,0.03711783686062799,0.04039726003085562,0.03260036330132669,0.8873387299686787,0.7518622525754157,0.6384775313857338,30
mds,0.13460852143717958,0.09231552725705688,0.13915162664848862,0.14982156084216508,0.13356936774958011,0.11575907687964335,0.8873387299686787,0.7518622525754157,0.6384775313857338,30
kamada_kawai,0.25578252658922984,0.08182542147551665,0.31423928125387973,0.28790383486439775,0.2523406904617486,0.15602618826887063,0.6630859346858207,0.7047673183789078,0.5266952681431737,31
spring,0.3462567123424282,0.1237816296055833,0.33188667506867375,0.3739747161892735,0.23205227280877844,0.27659089305015544,0.6630859346858207,0.7047673183789078,0.5266952681431737,31
davidson_harel,0.04884927582551687,0.024555712969046146,0.037410152280852614,0.0356508945326216,0.04884927582551687,0.0434740842541976,0.6630859346858207,0.7047673183789078,0.5266952681431737,31
drl,0.02608894459990683,-0.002659493214451368,0.04108005404644828,0.02845533736254504,0.0158569852305288,0.029283018648518767,0.6630859346858207,0.7047673183789078,0.5266952681431737,31
fruchterman_reingold,0.05784724874426176,0.015733714678015914,0.03742777316877105,0.033051580506187235,0.07170313454981182,0.03996114706523078,0.6630859346858207,0.7047673183789078,0.5266952681431737,31
graphopt,0.036652639801498924,0.024162404049838947,0.046287652783990225,0.04059677205798451,0.036652639801498924,0.04545433453096952,0.6630859346858207,0.7047673183789078,0.5266952681431737,31
lgl,0.05255523015347931,0.05637576449932833,0.04551941493186517,0.05309576337488946,0.05255523015347931,0.047636150350734666,0.6630859346858207,0.7047673183789078,0.5266952681431737,31
mds,0.05222035754316925,0.04598285105898185,0.057051146285467556,0.053362504023954684,0.059213460741204225,0.061996262409756905,0.6630859346858207,0.7047673183789078,0.5266952681431737,31
kamada_kawai,0.4205946871111864,0.08574805714107632,0.37593845185971453,0.37039858511966506,0.3412527843887159,0.2489488610034964,0.6653074753033017,0.7126567784029311,0.6003783970369074,32
spring,0.40834873034792674,0.33202448835999315,0.4885303015547261,0.45412261672516313,0.232846077156902,0.4255676314876563,0.6653074753033017,0.7126567784029311,0.6003783970369074,32
davidson_harel,0.115480900247771,0.08951554416649406,0.11848437601385173,0.11517494865477618,0.0978545320323467,0.12097535897235803,0.6653074753033017,0.7126567784029311,0.6003783970369074,32
drl,0.06169405818542484,0.029225617989533353,0.11795529566690217,0.10487982680825678,0.0880819645867693,0.04487156951995768,0.6653074753033017,0.7126567784029311,0.6003783970369074,32
fruchterman_reingold,0.12535924056752584,0.07004118028473669,0.12828704834250196,0.1371290196939138,0.11984458040348703,0.06951031009771384,0.6653074753033017,0.7126567784029311,0.6003783970369074,32
graphopt,0.11668971274954512,0.054298753365719855,0.11055102775015016,0.11225380090560047,0.11668971274954512,0.122182844072077,0.6653074753033017,0.7126567784029311,0.6003783970369074,32
lgl,0.026603507517415394,0.056746424064248305,0.04048721065788404,0.04048721065788404,0.026603507517415394,0.05137400232985696,0.6653074753033017,0.7126567784029311,0.6003783970369074,32
mds,0.12490273448510243,0.06734517384248245,0.12449359410070167,0.12672550131564747,0.11277785688583189,0.09241185800620277,0.6653074753033017,0.7126567784029311,0.6003783970369074,32
kamada_kawai,0.3751723117673701,0.06726886579953342,0.4036089115432716,0.39955562094068825,0.2758306677601904,0.21438668716551335,0.3347713636115238,0.6277631225620802,0.4711437462088928,33
spring,0.32776553928004926,0.054906791161518156,0.3462261168348557,0.3175136399579682,0.2009952780455591,0.24820545261672627,0.3347713636115238,0.6277631225620802,0.4711437462088928,33
davidson_harel,0.08656507271338525,0.015617053282720969,0.08360711381082522,0.08016116360299595,0.08636601082679338,0.09863567319054942,0.3347713636115238,0.6277631225620802,0.4711437462088928,33
drl,0.05803036878549459,-0.0020437131931267333,0.029135815752606452,0.0516513487978054,0.07224141719544135,0.029966382812507363,0.3347713636115238,0.6277631225620802,0.4711437462088928,33
fruchterman_reingold,0.09169574682673579,0.01895549501807163,0.12093184630074136,0.13190215792335047,0.1257157514752882,0.061795517141281564,0.3347713636115238,0.6277631225620802,0.4711437462088928,33
graphopt,0.06499402827048047,0.024250214750618913,0.04795237589829711,0.05181451180224207,0.06499402827048047,0.09271672920922794,0.3347713636115238,0.6277631225620802,0.4711437462088928,33
lgl,0.024365685406912994,0.040810279584923594,0.024737797514318878,0.024737797514318878,0.024365685406912994,0.020298496432830236,0.3347713636115238,0.6277631225620802,0.4711437462088928,33
mds,0.10899329489651696,0.03264853694445544,0.0999532566121838,0.10166538689391244,0.10904908410302108,0.06674732856981214,0.3347713636115238,0.6277631225620802,0.4711437462088928,33
